"old_names","new_names"
"rtsB","rtsB"
"hilA","hilA(Salmonella)"
"sprB","sprB(Salmonella)"
"invF","invF(Salmonella)"
"rtsA","rtsA"
"hilC","hilC(Salmonella)"
"hilD","hilD(Salmonella)"
"rstA","rstA(Salmonella)"
