"old_names","new_names"
"rtsB","rtsB"
"hilA","hilA"
"sprB","sprB"
"invF","invF"
"rtsA","rtsA"
"hilC","hilC"
"hilD","hilD"
"rstA","rstA"
